Datetime,Water Level (m)
2025-03-26 06:00:00,-0.7251699
2025-03-26 07:00:00,-0.77142626
2025-03-26 08:00:00,-0.6655121
2025-03-26 09:00:00,-0.4084875
2025-03-26 10:00:00,-0.08609812
2025-03-26 11:00:00,0.23166269
2025-03-26 12:00:00,0.46766528
2025-03-26 13:00:00,0.55411124
2025-03-26 14:00:00,0.46656856
2025-03-26 15:00:00,0.22468959
2025-03-26 16:00:00,-0.10625159
2025-03-26 17:00:00,-0.4545404
2025-03-26 18:00:00,-0.7340232
2025-03-26 19:00:00,-0.88755333
2025-03-26 20:00:00,-0.8742177
2025-03-26 21:00:00,-0.6848226
2025-03-26 22:00:00,-0.3875277
2025-03-26 23:00:00,-0.055213634
2025-03-27 00:00:00,0.23403376
2025-03-27 01:00:00,0.39757806
2025-03-27 02:00:00,0.3894494
2025-03-27 03:00:00,0.20919418
2025-03-27 04:00:00,-0.08788584
2025-03-27 05:00:00,-0.4378974
2025-03-27 06:00:00,-0.7359923
2025-03-27 07:00:00,-0.91461277
2025-03-27 08:00:00,-0.90269727
2025-03-27 09:00:00,-0.695371
2025-03-27 10:00:00,-0.35224834
2025-03-27 11:00:00,0.057044435
2025-03-27 12:00:00,0.42123693
2025-03-27 13:00:00,0.6480959
2025-03-27 14:00:00,0.6859378
2025-03-27 15:00:00,0.5101584
2025-03-27 16:00:00,0.17339373
2025-03-27 17:00:00,-0.24989553
2025-03-27 18:00:00,-0.6584328
2025-03-27 19:00:00,-0.9496366
2025-03-27 20:00:00,-1.0609025
2025-03-27 21:00:00,-0.9433327
2025-03-27 22:00:00,-0.64161927
2025-03-27 23:00:00,-0.23032981
2025-03-28 00:00:00,0.1793072
2025-03-28 01:00:00,0.48707244
2025-03-28 02:00:00,0.6169179
2025-03-28 03:00:00,0.5320807
2025-03-28 04:00:00,0.2547799
2025-03-28 05:00:00,-0.14674748
2025-03-28 06:00:00,-0.55423355
2025-03-28 07:00:00,-0.88627225
2025-03-28 08:00:00,-1.034623
2025-03-28 09:00:00,-0.9512567
2025-03-28 10:00:00,-0.6575576
2025-03-28 11:00:00,-0.22950275
2025-03-28 12:00:00,0.23220378
2025-03-28 13:00:00,0.5906091
2025-03-28 14:00:00,0.77131146
2025-03-28 15:00:00,0.7208199
2025-03-28 16:00:00,0.44593492
2025-03-28 17:00:00,0.025267934
2025-03-28 18:00:00,-0.45623782
2025-03-28 19:00:00,-0.8637733
2025-03-28 20:00:00,-1.110331
2025-03-28 21:00:00,-1.1461935
2025-03-28 22:00:00,-0.91586417
2025-03-28 23:00:00,-0.5167009
2025-03-29 00:00:00,-0.033943534
2025-03-29 01:00:00,0.41377968
2025-03-29 02:00:00,0.69735014
2025-03-29 03:00:00,0.75524634
2025-03-29 04:00:00,0.5732437
2025-03-29 05:00:00,0.20240514
2025-03-29 06:00:00,-0.2574745
2025-03-29 07:00:00,-0.7166187
2025-03-29 08:00:00,-1.0258697
2025-03-29 09:00:00,-1.115302
2025-03-29 10:00:00,-0.96038663
2025-03-29 11:00:00,-0.5891503
2025-03-29 12:00:00,-0.09879233
2025-03-29 13:00:00,0.3649516
2025-03-29 14:00:00,0.6870061
2025-03-29 15:00:00,0.8003604
2025-03-29 16:00:00,0.6405146
2025-03-29 17:00:00,0.27514192
2025-03-29 18:00:00,-0.22276151
2025-03-29 19:00:00,-0.73333895
2025-03-29 20:00:00,-1.1210177
2025-03-29 21:00:00,-1.2996478
2025-03-29 22:00:00,-1.2116654
2025-03-29 23:00:00,-0.8827601
2025-03-30 00:00:00,-0.38913277
2025-03-30 01:00:00,0.13979298
2025-03-30 02:00:00,0.57810473
2025-03-30 03:00:00,0.8005002
2025-03-30 04:00:00,0.7729701
2025-03-30 05:00:00,0.5058198
2025-03-30 06:00:00,0.07800987
2025-03-30 07:00:00,-0.42812526
2025-03-30 08:00:00,-0.8592467
2025-03-30 09:00:00,-1.1176776
2025-03-30 10:00:00,-1.1390657
2025-03-30 11:00:00,-0.8999263
2025-03-30 12:00:00,-0.46747404
2025-03-30 13:00:00,0.04143994
2025-03-30 14:00:00,0.47627437
2025-03-30 15:00:00,0.73511857
2025-03-30 16:00:00,0.7394774
2025-03-30 17:00:00,0.49415722
2025-03-30 18:00:00,0.0681676
2025-03-30 19:00:00,-0.44383314
2025-03-30 20:00:00,-0.92220944
2025-03-30 21:00:00,-1.2442653
2025-03-30 22:00:00,-1.3170894
2025-03-30 23:00:00,-1.1279761
2025-03-31 00:00:00,-0.7210154
2025-03-31 01:00:00,-0.19001679
2025-03-31 02:00:00,0.33497894
2025-03-31 03:00:00,0.7058611
2025-03-31 04:00:00,0.8516629
2025-03-31 05:00:00,0.7368378
2025-03-31 06:00:00,0.41243586
2025-03-31 07:00:00,-0.050856005
2025-03-31 08:00:00,-0.53914905
2025-03-31 09:00:00,-0.9135649
2025-03-31 10:00:00,-1.1028539
2025-03-31 11:00:00,-1.0465358
2025-03-31 12:00:00,-0.7490013
2025-03-31 13:00:00,-0.31120023
2025-03-31 14:00:00,0.16132185
2025-03-31 15:00:00,0.5171817
2025-03-31 16:00:00,0.68093336
2025-03-31 17:00:00,0.5997901
2025-03-31 18:00:00,0.3017891
2025-03-31 19:00:00,-0.13624863
2025-03-31 20:00:00,-0.61573285
2025-03-31 21:00:00,-1.0183166
2025-03-31 22:00:00,-1.2373672
2025-03-31 23:00:00,-1.2241564
2025-04-01 00:00:00,-0.9654473
2025-04-01 01:00:00,-0.5254955
2025-04-01 02:00:00,-0.008438789
2025-04-01 03:00:00,0.45128497
2025-04-01 04:00:00,0.74038553
2025-04-01 05:00:00,0.8015613
2025-04-01 06:00:00,0.6309804
